org_id,user_id,role
1,552,admin
1,822,admin
1,315,admin
1,1105,admin
1,631,admin
1,113,admin
1,1013,admin
1,997,admin
1,1226,admin
1,373,admin
1,982,member
1,903,member
1,1009,member
1,581,member
1,876,member
1,86,member
1,76,member
1,1043,member
1,140,member
1,658,member
1,564,member
1,159,member
1,101,member
1,719,member
1,532,member
1,606,member
1,1289,member
1,672,member
1,609,member
1,1063,member
1,1114,member
1,1146,member
1,774,member
1,231,member
1,1101,member
1,50,member
1,1099,member
1,1160,member
1,398,member
1,1144,member
1,161,member
1,149,member
2,485,admin
2,556,admin
2,350,admin
2,362,admin
2,1237,admin
2,1273,admin
2,626,admin
2,1246,admin
2,720,admin
2,60,admin
2,1130,member
2,731,member
2,861,member
2,400,member
2,1244,member
2,250,member
2,248,member
2,305,member
2,221,member
2,925,member
2,1164,member
2,721,member
2,24,member
2,68,member
2,405,member
2,66,member
2,832,member
2,1071,member
2,799,member
2,306,member
2,578,member
2,219,member
2,613,member
2,1079,member
2,327,member
2,707,member
2,1309,member
2,269,member
2,599,member
2,934,member
2,110,member
2,907,member
2,682,member
2,813,member
2,1222,member
2,6,member
2,482,member
2,420,member
2,43,member
2,139,member
2,324,member
2,402,member
2,614,member
2,1014,member
2,470,member
2,1278,member
2,1081,member
2,787,member
2,419,member
2,1056,member
2,406,member
2,442,member
2,525,member
2,1103,member
2,373,member
2,368,member
2,631,member
2,812,member
2,241,member
2,1220,member
2,733,member
2,1208,member
2,1263,member
2,1326,member
2,176,member
2,226,member
2,399,member
2,803,member
2,800,member
2,77,member
2,976,member
2,11,member
2,58,member
2,1013,member
2,181,member
2,722,member
2,870,member
2,615,member
2,1209,member
2,263,member
2,642,member
2,1213,member
2,983,member
2,922,member
2,1074,member
2,533,member
2,48,member
2,645,member
2,729,member
2,551,member
2,401,member
2,560,member
3,826,admin
3,970,admin
3,922,admin
3,288,admin
3,589,admin
3,1021,admin
3,700,admin
3,41,admin
3,924,admin
3,1101,admin
3,243,member
3,163,member
3,1138,member
3,430,member
3,1219,member
3,330,member
3,600,member
3,413,member
3,385,member
3,778,member
3,123,member
3,1329,member
3,419,member
3,261,member
3,416,member
3,273,member
3,307,member
3,605,member
3,714,member
3,191,member
3,240,member
3,348,member
3,45,member
3,1253,member
3,67,member
3,742,member
3,930,member
3,1082,member
3,1048,member
3,733,member
3,1040,member
3,934,member
3,1089,member
3,1169,member
3,928,member
3,890,member
3,752,member
3,839,member
3,144,member
3,849,member
3,919,member
3,816,member
3,604,member
3,290,member
3,971,member
3,529,member
3,1062,member
3,892,member
3,1212,member
3,310,member
3,118,member
3,147,member
3,531,member
3,132,member
3,595,member
3,24,member
3,533,member
3,943,member
3,646,member
3,448,member
3,415,member
3,770,member
3,1091,member
3,344,member
3,213,member
3,1201,member
3,422,member
3,727,member
3,1055,member
3,977,member
3,186,member
3,728,member
3,252,member
3,1127,member
3,1152,member
3,366,member
3,784,member
3,539,member
3,608,member
3,389,member
3,593,member
3,471,member
3,57,member
3,451,member
3,887,member
3,119,member
3,883,member
3,863,member
3,709,member
3,1258,member
3,758,member
3,21,member
3,84,member
3,313,member
3,910,member
3,678,member
3,522,member
3,74,member
3,797,member
3,238,member
3,184,member
3,509,member
3,298,member
3,63,member
3,300,member
3,266,member
3,1010,member
3,1267,member
3,647,member
3,710,member
3,107,member
3,1094,member
3,216,member
3,1226,member
3,527,member
3,660,member
3,1110,member
3,51,member
3,408,member
3,225,member
3,1042,member
3,161,member
3,651,member
3,628,member
3,395,member
3,245,member
3,599,member
3,380,member
3,740,member
3,190,member
3,398,member
3,71,member
3,406,member
4,252,admin
4,178,admin
4,1342,admin
4,491,admin
4,500,admin
4,1085,admin
4,703,admin
4,1063,admin
4,1228,admin
4,300,admin
4,746,member
5,1025,admin
5,622,admin
5,1241,admin
5,167,admin
5,1008,admin
5,756,admin
5,1109,admin
5,556,admin
5,148,admin
5,17,admin
5,1287,member
5,951,member
5,990,member
5,1312,member
5,799,member
5,4,member
5,656,member
5,62,member
5,534,member
5,80,member
6,1185,admin
6,919,admin
6,33,admin
6,217,admin
6,1145,admin
6,214,admin
6,184,admin
6,486,admin
6,1079,admin
6,1100,admin
6,680,member
6,501,member
6,1287,member
6,532,member
6,169,member
6,705,member
6,456,member
6,946,member
6,986,member
6,635,member
6,958,member
6,196,member
6,416,member
6,797,member
6,675,member
6,695,member
6,1184,member
6,887,member
6,1253,member
6,74,member
6,687,member
6,620,member
6,183,member
6,678,member
6,1277,member
6,553,member
6,1018,member
6,145,member
6,594,member
6,1025,member
6,103,member
6,80,member
6,879,member
6,101,member
6,751,member
6,49,member
6,690,member
6,1029,member
6,147,member
6,1282,member
6,892,member
6,1065,member
6,1276,member
6,1218,member
6,768,member
6,171,member
6,577,member
6,1134,member
6,881,member
6,818,member
6,817,member
6,1169,member
6,281,member
6,1050,member
6,915,member
6,1105,member
6,434,member
6,947,member
6,909,member
6,787,member
6,1024,member
6,570,member
6,790,member
6,805,member
6,1320,member
6,662,member
6,1197,member
6,937,member
6,861,member
6,421,member
6,307,member
6,989,member
6,139,member
6,362,member
6,4,member
6,1301,member
6,1315,member
6,360,member
6,1225,member
6,956,member
6,426,member
6,520,member
6,158,member
6,17,member
6,211,member
6,90,member
6,192,member
6,1338,member
6,144,member
6,775,member
6,1116,member
6,531,member
6,3,member
6,315,member
6,443,member
6,142,member
6,1085,member
6,345,member
6,883,member
6,967,member
6,623,member
6,558,member
6,188,member
6,641,member
6,605,member
6,433,member
6,950,member
6,859,member
6,1296,member
6,655,member
6,1091,member
6,373,member
6,459,member
6,370,member
6,1161,member
6,574,member
6,153,member
6,249,member
6,1044,member
6,1182,member
6,348,member
6,440,member
6,893,member
6,72,member
6,770,member
6,303,member
6,798,member
6,1139,member
6,220,member
6,914,member
6,822,member
6,355,member
6,313,member
6,1290,member
6,457,member
6,757,member
6,227,member
6,835,member
6,452,member
6,343,member
6,14,member
6,1262,member
6,1048,member
6,658,member
6,1159,member
6,823,member
6,671,member
6,498,member
6,826,member
6,412,member
6,368,member
6,719,member
6,1222,member
6,62,member
6,758,member
6,207,member
6,377,member
6,769,member
6,507,member
6,1280,member
6,427,member
6,21,member
6,238,member
6,206,member
6,1270,member
7,796,admin
7,103,admin
7,171,admin
7,515,admin
7,387,admin
7,464,admin
7,631,admin
7,8,admin
7,1284,admin
7,405,admin
7,12,member
7,816,member
7,336,member
7,421,member
7,1057,member
7,96,member
7,597,member
7,246,member
7,1331,member
7,663,member
7,56,member
7,522,member
7,359,member
7,669,member
7,357,member
7,972,member
7,1278,member
7,1043,member
7,740,member
7,974,member
7,446,member
7,284,member
7,853,member
7,550,member
7,10,member
7,390,member
7,463,member
7,1212,member
7,74,member
7,896,member
7,1003,member
7,1329,member
7,511,member
7,938,member
7,610,member
7,921,member
7,449,member
7,191,member
7,955,member
7,980,member
7,1157,member
7,1089,member
7,683,member
7,14,member
7,661,member
7,1252,member
7,1086,member
7,203,member
7,1227,member
7,460,member
7,1176,member
7,104,member
7,264,member
7,161,member
7,818,member
7,1200,member
7,1276,member
7,455,member
7,395,member
7,731,member
7,1132,member
7,200,member
7,678,member
7,750,member
7,1115,member
7,1232,member
7,348,member
7,1008,member
7,1137,member
7,685,member
7,52,member
7,407,member
7,1341,member
7,773,member
7,880,member
7,584,member
7,1038,member
7,114,member
7,101,member
7,814,member
7,598,member
7,874,member
7,879,member
7,688,member
7,127,member
7,136,member
7,843,member
7,322,member
7,749,member
7,234,member
7,1150,member
7,811,member
7,775,member
7,397,member
7,887,member
7,575,member
7,898,member
7,176,member
7,9,member
7,571,member
7,957,member
7,706,member
7,810,member
7,532,member
7,516,member
7,110,member
7,105,member
7,162,member
7,435,member
7,1196,member
7,25,member
7,76,member
7,1246,member
7,369,member
7,1155,member
7,585,member
7,89,member
7,526,member
7,1179,member
7,1047,member
7,562,member
7,920,member
7,567,member
7,1335,member
7,1129,member
7,153,member
7,1159,member
7,976,member
7,1032,member
7,1131,member
7,1065,member
7,1249,member
7,1333,member
7,867,member
7,289,member
7,1256,member
7,630,member
7,6,member
7,273,member
7,877,member
7,150,member
7,1096,member
7,165,member
7,50,member
7,586,member
7,306,member
7,426,member
7,507,member
7,1130,member
7,1020,member
7,1241,member
7,1098,member
7,1174,member
7,1044,member
7,945,member
7,581,member
7,1191,member
7,365,member
7,361,member
7,157,member
7,469,member
7,659,member
7,419,member
7,824,member
7,1103,member
7,662,member
7,1225,member
7,343,member
7,316,member
7,263,member
7,1186,member
7,848,member
7,884,member
7,666,member
7,95,member
7,240,member
7,841,member
7,168,member
7,560,member
7,991,member
7,559,member
7,503,member
7,649,member
7,412,member
7,1253,member
7,864,member
7,488,member
7,187,member
7,1258,member
7,462,member
7,1300,member
7,759,member
7,1166,member
7,558,member
7,139,member
7,557,member
7,1217,member
7,1183,member
7,756,member
7,335,member
7,194,member
7,170,member
7,434,member
7,842,member
7,1294,member
7,303,member
7,961,member
7,248,member
7,1211,member
7,623,member
7,714,member
7,632,member
7,1283,member
7,508,member
7,1277,member
7,1251,member
7,1169,member
7,17,member
7,892,member
7,54,member
7,968,member
7,930,member
7,901,member
7,911,member
7,1078,member
7,34,member
7,1267,member
7,1001,member
7,1226,member
7,1238,member
7,797,member
7,1146,member
7,1205,member
7,608,member
7,777,member
8,1204,admin
8,1240,admin
8,649,admin
8,125,admin
8,666,admin
8,368,admin
8,410,admin
8,241,admin
8,1336,admin
8,320,admin
8,1160,member
8,1253,member
8,216,member
8,1248,member
8,286,member
8,206,member
8,941,member
8,1027,member
8,355,member
8,1068,member
8,487,member
8,1215,member
8,42,member
8,1329,member
8,1072,member
8,170,member
8,1189,member
8,717,member
8,952,member
8,1155,member
8,1179,member
8,74,member
8,214,member
8,350,member
8,1281,member
8,49,member
8,1318,member
8,1271,member
8,1105,member
8,1040,member
8,436,member
8,39,member
8,275,member
8,655,member
8,837,member
8,877,member
8,764,member
8,1165,member
8,21,member
8,1344,member
8,1132,member
8,533,member
8,20,member
8,646,member
8,240,member
8,1107,member
8,1304,member
8,442,member
8,864,member
8,913,member
8,305,member
8,4,member
8,622,member
8,1049,member
8,499,member
8,210,member
8,1158,member
8,782,member
8,767,member
8,579,member
8,840,member
8,875,member
8,813,member
8,304,member
8,1047,member
8,838,member
8,1283,member
8,242,member
8,147,member
8,1200,member
8,1252,member
8,1333,member
8,1191,member
8,257,member
8,988,member
8,81,member
8,523,member
8,774,member
8,985,member
8,318,member
8,70,member
8,43,member
8,812,member
8,180,member
8,76,member
8,1144,member
8,1208,member
8,316,member
8,693,member
8,1124,member
8,315,member
8,771,member
8,739,member
8,535,member
8,964,member
8,152,member
8,547,member
8,572,member
8,394,member
8,1319,member
8,727,member
8,92,member
8,1297,member
8,641,member
8,268,member
8,1082,member
8,419,member
8,365,member
8,406,member
8,145,member
8,957,member
8,1116,member
8,527,member
8,822,member
8,600,member
8,733,member
8,1246,member
8,1138,member
8,834,member
8,950,member
8,1052,member
8,990,member
8,1050,member
8,879,member
8,1224,member
8,1282,member
8,384,member
8,349,member
8,706,member
8,861,member
8,171,member
8,1094,member
8,1080,member
8,1291,member
8,1221,member
8,447,member
8,1087,member
8,1090,member
8,1083,member
8,88,member
8,124,member
8,491,member
8,835,member
8,155,member
8,211,member
8,1249,member
8,250,member
8,105,member
8,581,member
8,754,member
8,1100,member
8,889,member
8,26,member
8,759,member
8,218,member
8,296,member
8,625,member
8,501,member
8,293,member
8,546,member
8,859,member
8,399,member
8,562,member
8,844,member
8,1216,member
8,969,member
8,1287,member
8,477,member
8,30,member
8,903,member
8,934,member
8,645,member
8,445,member
8,395,member
8,1270,member
8,68,member
8,253,member
8,932,member
8,138,member
8,1123,member
8,386,member
8,776,member
8,1060,member
8,279,member
8,921,member
8,431,member
8,470,member
8,801,member
8,1226,member
8,200,member
8,788,member
8,335,member
8,992,member
8,438,member
8,18,member
8,872,member
8,1008,member
8,63,member
8,862,member
8,972,member
8,1128,member
8,929,member
8,144,member
8,1048,member
8,1156,member
8,71,member
8,313,member
8,1130,member
8,714,member
8,77,member
8,44,member
8,383,member
8,1292,member
8,1228,member
8,610,member
8,578,member
8,811,member
8,991,member
8,1289,member
8,117,member
8,356,member
8,425,member
8,1327,member
8,162,member
8,1230,member
8,1172,member
8,339,member
8,975,member
8,564,member
8,51,member
8,98,member
8,322,member
8,34,member
8,1007,member
8,1012,member
8,1315,member
8,741,member
8,228,member
8,550,member
8,1180,member
8,1093,member
8,627,member
8,626,member
8,1210,member
8,1202,member
8,178,member
8,1023,member
8,1081,member
8,820,member
8,272,member
8,405,member
8,987,member
8,359,member
8,852,member
8,319,member
8,197,member
8,1055,member
8,761,member
8,114,member
8,753,member
8,29,member
8,1095,member
8,1109,member
8,937,member
8,722,member
8,783,member
8,557,member
8,285,member
8,663,member
8,7,member
8,506,member
8,856,member
8,721,member
8,274,member
8,906,member
8,231,member
8,288,member
8,571,member
8,317,member
8,165,member
8,977,member
8,843,member
8,174,member
8,457,member
8,1159,member
8,845,member
8,1058,member
8,607,member
8,480,member
8,631,member
8,809,member
8,205,member
8,511,member
8,1111,member
8,1053,member
8,358,member
8,690,member
8,156,member
8,943,member
8,1045,member
8,109,member
8,818,member
8,123,member
8,1290,member
8,308,member
8,551,member
8,1340,member
8,849,member
8,323,member
8,265,member
8,1313,member
8,1084,member
8,678,member
8,768,member
8,758,member
8,763,member
8,38,member
8,289,member
8,676,member
8,738,member
8,112,member
8,1247,member
8,890,member
8,865,member
8,780,member
8,997,member
8,829,member
8,226,member
8,96,member
8,229,member
8,453,member
8,84,member
8,1238,member
8,1030,member
8,560,member
8,716,member
8,1272,member
8,127,member
8,344,member
8,956,member
8,970,member
8,430,member
8,561,member
8,1063,member
8,1255,member
8,252,member
8,870,member
8,1263,member
8,938,member
8,1341,member
8,1213,member
8,462,member
8,333,member
8,458,member
8,549,member
8,166,member
8,264,member
8,223,member
8,1099,member
8,1273,member
8,853,member
8,1266,member
8,642,member
8,752,member
8,731,member
8,201,member
8,353,member
8,281,member
8,1089,member
8,490,member
8,1034,member
8,899,member
8,514,member
8,948,member
8,157,member
8,115,member
8,1303,member
8,1321,member
8,1284,member
8,998,member
8,598,member
8,1104,member
8,154,member
8,1078,member
8,173,member
8,766,member
8,465,member
8,958,member
8,1106,member
8,1079,member
8,653,member
8,341,member
8,1316,member
8,823,member
8,587,member
8,119,member
8,633,member
8,1038,member
8,213,member
8,623,member
8,742,member
8,855,member
8,13,member
8,181,member
8,894,member
8,609,member
8,884,member
8,1054,member
8,291,member
8,618,member
8,503,member
8,59,member
8,309,member
8,1225,member
8,594,member
8,1220,member
8,1206,member
8,277,member
8,1171,member
8,1056,member
8,814,member
8,1286,member
8,137,member
8,432,member
8,402,member
8,953,member
8,1211,member
8,718,member
8,708,member
8,1101,member
8,1178,member
8,681,member
8,955,member
8,19,member
8,945,member
8,828,member
8,1251,member
8,1037,member
8,916,member
8,195,member
8,521,member
8,795,member
8,1257,member
8,1275,member
8,404,member
8,1042,member
8,621,member
8,1115,member
8,336,member
8,184,member
8,979,member
8,164,member
8,400,member
8,306,member
8,530,member
8,1003,member
8,67,member
8,891,member
8,299,member
9,576,admin
9,946,admin
9,198,admin
9,311,admin
9,732,admin
9,1012,admin
9,1153,admin
9,465,admin
9,1030,admin
9,550,admin
9,1036,member
9,30,member
9,638,member
9,571,member
9,18,member
9,209,member
9,626,member
9,224,member
9,1051,member
9,1250,member
9,342,member
9,320,member
9,250,member
9,1345,member
9,1075,member
9,836,member
9,876,member
9,95,member
9,239,member
9,1038,member
9,865,member
9,508,member
9,534,member
9,103,member
9,1167,member
9,1239,member
9,74,member
9,524,member
9,240,member
9,62,member
9,532,member
9,1334,member
9,1235,member
9,372,member
9,726,member
9,586,member
9,9,member
9,808,member
9,604,member
9,885,member
9,1080,member
9,324,member
9,719,member
9,578,member
9,328,member
9,1013,member
9,1034,member
9,1189,member
9,1336,member
9,319,member
9,434,member
9,1295,member
9,809,member
9,975,member
9,738,member
9,128,member
9,496,member
9,1320,member
9,122,member
9,878,member
9,877,member
9,373,member
9,288,member
9,1218,member
9,590,member
9,721,member
9,584,member
9,323,member
9,669,member
9,1139,member
9,89,member
9,747,member
9,655,member
9,374,member
9,44,member
9,117,member
9,355,member
9,744,member
9,40,member
9,457,member
9,799,member
9,1322,member
9,802,member
9,368,member
9,1019,member
9,777,member
9,1166,member
9,959,member
9,260,member
9,1187,member
9,898,member
9,166,member
9,499,member
9,675,member
9,958,member
9,364,member
9,920,member
9,533,member
9,298,member
9,1042,member
9,1300,member
9,840,member
9,1179,member
9,607,member
9,440,member
9,487,member
9,156,member
9,521,member
9,422,member
9,1252,member
9,149,member
9,169,member
9,996,member
9,841,member
9,1063,member
9,923,member
9,1309,member
9,107,member
9,931,member
9,806,member
9,829,member
9,191,member
9,668,member
9,973,member
9,867,member
9,805,member
9,458,member
9,291,member
9,692,member
9,131,member
9,1099,member
9,104,member
9,729,member
9,637,member
9,684,member
9,1177,member
9,1271,member
9,26,member
9,733,member
9,850,member
9,1041,member
9,963,member
9,539,member
9,742,member
9,842,member
9,1269,member
9,812,member
9,1335,member
9,460,member
9,905,member
9,794,member
9,385,member
9,447,member
9,864,member
9,666,member
9,709,member
9,178,member
9,407,member
9,910,member
9,314,member
9,219,member
9,303,member
9,1039,member
9,1207,member
9,936,member
9,953,member
9,276,member
9,1144,member
9,798,member
9,484,member
9,686,member
9,1234,member
9,1018,member
9,1325,member
9,763,member
9,353,member
9,1202,member
9,621,member
9,29,member
9,1306,member
9,1104,member
9,559,member
9,234,member
9,755,member
9,713,member
9,1308,member
9,1056,member
9,541,member
9,1277,member
9,475,member
9,161,member
9,363,member
9,148,member
9,406,member
9,623,member
9,121,member
9,462,member
9,937,member
9,486,member
9,296,member
9,536,member
9,1121,member
9,27,member
9,823,member
9,833,member
9,658,member
9,1185,member
9,1060,member
9,318,member
9,399,member
9,863,member
9,1254,member
9,467,member
9,87,member
9,1326,member
9,1047,member
9,965,member
9,1005,member
9,419,member
9,1194,member
9,1115,member
9,951,member
9,1265,member
9,712,member
9,1154,member
9,731,member
9,679,member
9,159,member
9,266,member
9,206,member
9,185,member
9,66,member
9,302,member
9,1328,member
9,641,member
9,226,member
9,788,member
9,599,member
9,1278,member
9,439,member
9,702,member
9,1147,member
9,1242,member
9,828,member
9,370,member
9,889,member
9,858,member
9,387,member
9,776,member
9,48,member
9,1098,member
9,347,member
9,418,member
9,267,member
9,968,member
9,411,member
9,263,member
9,693,member
9,1178,member
9,332,member
9,1213,member
9,1134,member
9,485,member
9,261,member
9,1299,member
9,1170,member
9,195,member
9,222,member
9,273,member
9,141,member
9,72,member
9,689,member
9,248,member
9,624,member
9,1332,member
9,816,member
9,1158,member
9,1219,member
9,678,member
9,1171,member
9,1084,member
9,1032,member
9,670,member
9,77,member
9,1157,member
9,138,member
9,563,member
9,815,member
9,985,member
9,6,member
9,39,member
9,1172,member
9,830,member
9,966,member
9,724,member
9,500,member
9,1193,member
9,1346,member
9,696,member
9,904,member
9,217,member
9,193,member
9,379,member
9,922,member
9,856,member
9,997,member
9,96,member
9,11,member
9,1028,member
9,81,member
9,787,member
9,67,member
9,972,member
9,1148,member
9,1087,member
9,528,member
9,557,member
9,884,member
9,168,member
9,188,member
9,583,member
9,636,member
9,998,member
9,75,member
9,1197,member
9,24,member
9,251,member
9,1058,member
9,25,member
9,893,member
9,1256,member
9,343,member
9,147,member
9,1116,member
9,204,member
9,912,member
9,140,member
9,1286,member
9,913,member
9,516,member
9,1117,member
9,954,member
9,1064,member
9,257,member
9,1101,member
9,1282,member
9,1176,member
9,443,member
9,618,member
9,672,member
9,706,member
9,340,member
9,860,member
9,279,member
9,451,member
9,20,member
9,200,member
9,1088,member
9,1324,member
9,1086,member
9,1089,member
9,652,member
9,704,member
9,988,member
9,612,member
9,869,member
9,659,member
9,1006,member
9,1050,member
9,351,member
9,594,member
9,352,member
9,549,member
9,814,member
9,622,member
9,703,member
9,764,member
9,1317,member
9,909,member
9,386,member
9,832,member
9,45,member
9,1251,member
9,680,member
9,146,member
9,158,member
9,1118,member
9,540,member
9,1212,member
9,1225,member
9,1149,member
9,1288,member
9,525,member
9,58,member
9,1232,member
9,306,member
9,230,member
9,313,member
9,38,member
9,430,member
9,723,member
9,570,member
9,393,member
9,119,member
9,223,member
9,271,member
9,144,member
9,215,member
9,628,member
9,1105,member
9,509,member
9,1246,member
9,446,member
9,383,member
9,421,member
9,1274,member
9,184,member
9,605,member
9,112,member
9,1276,member
9,359,member
9,1230,member
9,1287,member
9,1062,member
9,610,member
9,292,member
9,821,member
9,934,member
9,1292,member
9,235,member
9,791,member
9,21,member
9,1078,member
9,116,member
9,1163,member
9,59,member
9,1327,member
9,562,member
9,498,member
9,162,member
9,237,member
9,5,member
9,1091,member
9,1195,member
9,375,member
9,620,member
9,453,member
10,923,admin
10,184,admin
10,858,admin
10,14,admin
10,335,admin
10,277,admin
10,547,admin
10,1200,admin
10,792,admin
10,427,admin
10,1043,member
10,1050,member
10,703,member
10,623,member
10,642,member
10,1119,member
10,1181,member
10,1002,member
11,1004,admin
11,537,admin
11,1176,admin
11,292,admin
11,63,admin
11,128,admin
11,507,admin
11,179,admin
11,361,admin
11,880,admin
11,379,member
11,1164,member
11,946,member
11,1006,member
11,781,member
11,727,member
11,1086,member
11,383,member
11,982,member
11,501,member
11,446,member
11,981,member
11,150,member
11,719,member
11,854,member
11,122,member
11,1117,member
11,189,member
11,489,member
11,618,member
11,1248,member
11,297,member
11,613,member
11,1009,member
11,234,member
11,716,member
11,33,member
11,1251,member
12,557,admin
12,1292,admin
12,1162,admin
12,14,admin
12,986,admin
12,1153,admin
12,1289,admin
12,716,admin
12,766,admin
12,1182,admin
12,351,member
12,1145,member
12,274,member
12,873,member
12,1205,member
12,850,member
12,1209,member
12,1061,member
12,1059,member
12,422,member
12,1107,member
12,444,member
12,970,member
12,396,member
12,638,member
12,745,member
12,751,member
12,1190,member
12,376,member
12,403,member
12,804,member
12,686,member
12,456,member
12,1018,member
12,277,member
12,375,member
12,607,member
12,214,member
12,783,member
12,1174,member
12,41,member
12,1264,member
12,764,member
12,928,member
12,276,member
12,955,member
12,627,member
12,973,member
12,480,member
12,1093,member
12,488,member
12,566,member
12,659,member
12,578,member
12,256,member
12,107,member
12,926,member
12,1,member
12,593,member
12,707,member
12,583,member
12,584,member
12,792,member
12,753,member
12,1075,member
12,57,member
12,836,member
12,304,member
12,148,member
12,1044,member
12,240,member
12,706,member
12,866,member
12,528,member
12,1051,member
12,1310,member
12,1076,member
12,244,member
12,109,member
12,1074,member
12,1125,member
12,115,member
12,149,member
12,572,member
12,222,member
12,1328,member
12,49,member
12,743,member
12,99,member
12,65,member
12,1025,member
12,324,member
12,1154,member
12,678,member
12,1244,member
12,865,member
12,997,member
12,92,member
12,967,member
12,612,member
12,1212,member
12,229,member
12,1108,member
12,1248,member
12,160,member
12,503,member
12,334,member
12,482,member
12,1046,member
12,1129,member
12,1086,member
12,950,member
12,88,member
12,1083,member
12,1287,member
12,1329,member
12,632,member
12,314,member
12,787,member
12,321,member
12,445,member
12,142,member
12,868,member
12,90,member
12,847,member
12,267,member
12,668,member
12,313,member
12,117,member
12,293,member
12,817,member
12,46,member
12,1134,member
12,548,member
12,1139,member
12,78,member
12,310,member
12,1155,member
12,811,member
12,353,member
12,151,member
12,944,member
12,1226,member
12,1067,member
12,1131,member
12,1063,member
12,561,member
12,1246,member
12,662,member
12,633,member
12,397,member
12,89,member
12,62,member
12,1050,member
12,288,member
12,1263,member
12,1325,member
12,1123,member
12,1324,member
12,1152,member
12,517,member
12,181,member
12,496,member
12,1041,member
12,921,member
12,113,member
12,419,member
12,302,member
12,1181,member
12,667,member
12,371,member
12,755,member
12,599,member
12,723,member
12,568,member
12,619,member
12,513,member
12,35,member
12,841,member
12,759,member
12,446,member
12,833,member
12,1296,member
12,1222,member
12,481,member
12,273,member
12,945,member
12,735,member
12,56,member
12,587,member
12,1345,member
12,906,member
12,362,member
12,63,member
12,220,member
12,449,member
12,339,member
12,1188,member
12,781,member
12,5,member
12,1203,member
12,1171,member
12,774,member
12,448,member
12,30,member
12,948,member
12,700,member
12,1210,member
12,975,member
12,819,member
12,32,member
12,529,member
12,489,member
12,542,member
12,355,member
12,647,member
12,911,member
12,1003,member
12,835,member
12,378,member
12,42,member
12,125,member
12,1312,member
12,907,member
12,1256,member
12,842,member
12,738,member
12,1022,member
12,1113,member
12,840,member
12,1187,member
12,462,member
12,912,member
12,1156,member
12,231,member
12,539,member
12,543,member
13,1277,admin
13,1344,admin
13,1308,admin
13,735,admin
13,97,admin
13,937,admin
13,130,admin
13,198,admin
13,530,admin
13,921,admin
13,69,member
13,984,member
13,203,member
13,789,member
13,1162,member
13,904,member
13,290,member
13,1138,member
13,1311,member
13,102,member
13,1319,member
13,209,member
13,1043,member
13,1263,member
13,680,member
13,681,member
13,195,member
13,1056,member
13,975,member
13,1035,member
13,149,member
13,525,member
13,922,member
13,591,member
13,1230,member
13,966,member
13,1152,member
13,308,member
13,516,member
13,82,member
13,1227,member
13,1177,member
13,757,member
13,1144,member
13,1266,member
13,1028,member
13,988,member
13,593,member
13,1030,member
13,595,member
13,1260,member
13,596,member
13,589,member
13,794,member
13,90,member
13,279,member
13,704,member
13,911,member
13,618,member
13,1246,member
13,1179,member
13,784,member
13,127,member
13,345,member
13,1224,member
13,978,member
13,315,member
13,1278,member
13,788,member
13,804,member
13,76,member
13,327,member
13,88,member
13,1212,member
13,766,member
13,753,member
13,552,member
13,1089,member
13,1052,member
13,450,member
13,341,member
13,205,member
13,1290,member
13,215,member
13,751,member
13,690,member
13,1321,member
13,885,member
13,324,member
13,895,member
13,1140,member
13,750,member
13,782,member
13,1297,member
13,441,member
13,878,member
13,932,member
13,605,member
13,280,member
13,394,member
13,380,member
13,262,member
13,1087,member
13,934,member
13,881,member
13,1095,member
13,1105,member
13,1148,member
13,343,member
13,678,member
13,636,member
13,758,member
13,267,member
13,104,member
13,169,member
13,434,member
13,526,member
13,423,member
13,1228,member
13,469,member
13,899,member
13,1201,member
13,1153,member
13,999,member
13,5,member
13,1226,member
13,544,member
13,621,member
13,920,member
13,481,member
13,837,member
13,1096,member
13,713,member
13,754,member
13,1103,member
13,21,member
13,603,member
13,143,member
13,799,member
13,734,member
13,965,member
13,769,member
13,880,member
13,1282,member
13,355,member
13,780,member
13,357,member
13,761,member
13,1175,member
13,1011,member
13,1280,member
13,222,member
13,256,member
13,703,member
13,811,member
13,969,member
13,372,member
13,616,member
13,1172,member
13,822,member
13,185,member
13,73,member
13,56,member
13,38,member
13,150,member
13,767,member
13,510,member
13,331,member
13,655,member
13,748,member
13,1267,member
13,883,member
13,41,member
13,484,member
13,193,member
13,944,member
13,730,member
13,197,member
13,897,member
13,1213,member
13,129,member
13,900,member
13,1117,member
13,1210,member
13,1107,member
13,612,member
13,1084,member
13,474,member
13,1159,member
13,124,member
13,643,member
13,700,member
13,472,member
13,1018,member
13,1181,member
13,462,member
13,786,member
13,631,member
13,89,member
13,1111,member
13,191,member
13,1016,member
13,1304,member
13,449,member
13,834,member
13,1176,member
13,506,member
13,278,member
13,809,member
13,1076,member
13,1075,member
13,1289,member
13,674,member
13,366,member
13,1070,member
13,320,member
14,715,admin
14,475,admin
14,1331,admin
14,247,admin
14,285,admin
14,1031,admin
14,1131,admin
14,21,admin
14,1222,admin
14,101,admin
14,1274,member
14,254,member
14,1077,member
14,148,member
14,720,member
14,51,member
14,1290,member
14,1015,member
14,227,member
14,1245,member
14,490,member
14,1242,member
14,1187,member
14,575,member
14,694,member
14,385,member
14,330,member
14,614,member
14,430,member
14,684,member
14,151,member
14,454,member
14,466,member
14,511,member
14,346,member
14,998,member
14,781,member
14,783,member
14,483,member
14,644,member
15,53,admin
15,48,admin
15,253,admin
15,1092,admin
15,1335,admin
15,1324,admin
15,523,admin
15,14,admin
15,386,admin
15,1302,admin
15,1251,member
15,331,member
15,274,member
15,1209,member
15,1263,member
15,679,member
15,578,member
15,191,member
15,397,member
15,609,member
15,602,member
15,649,member
15,564,member
15,378,member
15,756,member
15,897,member
15,709,member
15,1107,member
15,377,member
15,1244,member
15,413,member
15,252,member
15,458,member
15,1267,member
15,360,member
15,706,member
15,248,member
15,548,member
15,923,member
15,225,member
15,498,member
15,771,member
15,589,member
15,188,member
15,319,member
15,419,member
15,305,member
15,1211,member
15,627,member
15,776,member
15,156,member
15,538,member
15,335,member
15,189,member
15,895,member
15,1097,member
15,1034,member
15,428,member
15,368,member
15,1125,member
15,211,member
15,1032,member
15,388,member
15,217,member
15,322,member
15,183,member
15,157,member
15,641,member
15,618,member
15,768,member
15,549,member
15,648,member
15,948,member
15,836,member
15,633,member
15,272,member
15,32,member
15,1225,member
15,534,member
15,559,member
15,495,member
15,586,member
15,599,member
15,285,member
15,692,member
15,132,member
15,218,member
15,1216,member
15,503,member
15,254,member
15,552,member
15,1163,member
15,598,member
15,874,member
15,784,member
15,238,member
15,501,member
15,1177,member
15,716,member
15,1185,member
15,410,member
15,903,member
15,981,member
15,811,member
15,1325,member
15,1229,member
15,1076,member
15,324,member
15,605,member
15,1157,member
15,251,member
15,365,member
15,16,member
15,506,member
15,677,member
15,804,member
15,1030,member
15,1160,member
15,573,member
15,42,member
15,1152,member
15,177,member
15,490,member
15,215,member
15,169,member
15,420,member
15,466,member
15,359,member
15,260,member
15,980,member
15,856,member
15,499,member
15,482,member
15,212,member
15,1050,member
15,460,member
15,1296,member
15,327,member
15,638,member
15,1223,member
15,788,member
15,978,member
15,1103,member
15,882,member
15,791,member
15,1137,member
15,367,member
15,802,member
15,1010,member
15,744,member
15,86,member
15,1004,member
15,1283,member
15,866,member
15,1059,member
15,337,member
15,405,member
15,56,member
15,1033,member
15,1078,member
15,421,member
15,12,member
15,930,member
15,18,member
15,637,member
15,9,member
15,862,member
15,64,member
15,1015,member
15,403,member
15,858,member
15,131,member
15,1070,member
15,1142,member
15,1011,member
15,510,member
15,1168,member
15,1042,member
15,544,member
15,127,member
15,1093,member
15,20,member
15,855,member
15,469,member
15,1146,member
15,984,member
15,1077,member
15,69,member
15,24,member
15,313,member
15,685,member
15,333,member
15,753,member
15,733,member
15,660,member
15,390,member
15,1311,member
15,1013,member
15,713,member
15,717,member
15,779,member
15,635,member
15,574,member
15,1178,member
15,1197,member
15,269,member
15,107,member
15,1113,member
15,1260,member
15,298,member
15,703,member
15,1327,member
15,881,member
15,4,member
15,688,member
15,925,member
15,570,member
15,702,member
15,1028,member
15,485,member
15,932,member
15,536,member
15,535,member
15,202,member
15,908,member
15,1156,member
15,617,member
15,109,member
15,877,member
15,1068,member
15,527,member
15,292,member
15,216,member
15,657,member
15,1207,member
15,1285,member
15,267,member
15,723,member
15,1174,member
15,70,member
15,477,member
15,898,member
15,1232,member
15,942,member
15,718,member
15,1303,member
15,1306,member
15,1269,member
15,50,member
15,226,member
15,395,member
15,732,member
15,1124,member
15,325,member
15,1170,member
15,854,member
15,841,member
15,707,member
15,729,member
15,385,member
15,394,member
15,494,member
15,311,member
15,384,member
15,141,member
15,196,member
15,561,member
15,136,member
15,165,member
15,620,member
16,654,admin
16,309,admin
16,1138,admin
16,1034,admin
16,386,admin
16,1082,admin
16,393,admin
16,812,admin
16,139,admin
16,721,admin
16,6,member
16,1287,member
16,333,member
16,412,member
16,730,member
16,668,member
16,727,member
16,842,member
16,153,member
16,1226,member
16,318,member
16,215,member
16,1004,member
16,122,member
16,168,member
16,983,member
16,757,member
16,138,member
16,1302,member
16,1336,member
16,538,member
16,527,member
16,268,member
16,829,member
16,691,member
16,148,member
16,45,member
16,1055,member
16,887,member
16,252,member
16,181,member
16,118,member
16,158,member
16,714,member
16,358,member
16,806,member
16,974,member
16,131,member
16,410,member
16,701,member
16,1255,member
16,235,member
16,796,member
16,350,member
16,245,member
16,913,member
16,377,member
16,564,member
16,514,member
16,792,member
16,341,member
16,1261,member
16,1260,member
16,1182,member
16,935,member
16,747,member
16,873,member
16,227,member
16,690,member
16,933,member
16,762,member
16,77,member
16,421,member
16,1210,member
16,278,member
16,892,member
16,1206,member
16,1188,member
16,615,member
16,653,member
16,838,member
16,20,member
16,1086,member
16,1173,member
16,502,member
16,312,member
16,719,member
16,401,member
16,607,member
16,791,member
16,449,member
16,509,member
16,1087,member
16,1107,member
16,243,member
16,129,member
16,1332,member
16,704,member
16,265,member
16,739,member
16,1262,member
16,788,member
16,68,member
16,67,member
16,287,member
16,30,member
16,548,member
16,1289,member
16,1093,member
16,172,member
16,429,member
16,658,member
16,206,member
16,4,member
16,1123,member
16,1080,member
16,710,member
16,100,member
16,415,member
16,623,member
16,846,member
16,971,member
16,110,member
16,832,member
16,660,member
16,590,member
16,1118,member
16,483,member
16,497,member
16,692,member
16,663,member
16,1154,member
16,420,member
16,1324,member
16,398,member
16,890,member
16,506,member
16,942,member
16,397,member
16,1158,member
16,901,member
16,205,member
16,1200,member
16,936,member
16,488,member
16,681,member
16,1278,member
16,741,member
16,119,member
16,130,member
16,1197,member
16,677,member
16,1103,member
16,536,member
16,452,member
16,765,member
16,1081,member
16,567,member
16,1062,member
16,772,member
16,1166,member
16,1149,member
16,803,member
16,631,member
16,545,member
16,695,member
16,1283,member
16,166,member
16,105,member
16,929,member
16,330,member
16,296,member
16,638,member
16,186,member
16,80,member
16,464,member
16,753,member
16,867,member
16,1070,member
16,1052,member
16,360,member
16,924,member
16,236,member
16,365,member
16,815,member
16,438,member
16,1297,member
16,1186,member
16,149,member
16,457,member
16,177,member
16,1340,member
16,686,member
16,900,member
16,970,member
16,814,member
16,568,member
16,1301,member
16,711,member
16,250,member
16,909,member
16,558,member
16,665,member
16,1119,member
16,918,member
16,847,member
16,1235,member
16,1230,member
2,2,member
15,15,member
6,22,member
7,23,member
12,28,member
15,31,member
4,36,member
5,37,member
15,47,member
7,55,member
13,61,member
15,79,member
3,83,member
5,85,member
11,91,member
13,93,member
14,94,member
10,106,member
12,108,member
15,111,member
8,120,member
14,126,member
5,133,member
6,134,member
7,135,member
15,175,member
6,182,member
7,199,member
16,208,member
8,232,member
9,233,member
15,255,member
2,258,member
3,259,member
14,270,member
10,282,member
11,283,member
6,294,member
7,295,member
13,301,member
6,326,member
9,329,member
2,338,member
2,354,member
13,381,member
14,382,member
7,391,member
8,392,member
9,409,member
14,414,member
1,417,member
8,424,member
5,437,member
13,461,member
4,468,member
9,473,member
12,476,member
14,478,member
15,479,member
12,492,member
13,493,member
8,504,member
9,505,member
16,512,member
6,518,member
7,519,member
10,554,member
11,555,member
5,565,member
9,569,member
4,580,member
6,582,member
12,588,member
16,592,member
9,601,member
3,611,member
5,629,member
10,634,member
15,639,member
16,640,member
10,650,member
8,664,member
1,673,member
9,697,member
10,698,member
11,699,member
5,725,member
16,736,member
1,737,member
8,760,member
1,785,member
9,793,member
7,807,member
9,825,member
11,827,member
15,831,member
3,851,member
9,857,member
7,871,member
6,886,member
8,888,member
6,902,member
5,917,member
15,927,member
11,939,member
12,940,member
5,949,member
16,960,member
2,962,member
1,993,member
2,994,member
3,995,member
8,1000,member
9,1017,member
2,1026,member
10,1066,member
13,1069,member
1,1073,member
14,1102,member
8,1112,member
16,1120,member
2,1122,member
6,1126,member
13,1133,member
15,1135,member
16,1136,member
5,1141,member
7,1143,member
15,1151,member
8,1192,member
14,1198,member
15,1199,member
14,1214,member
15,1231,member
1,1233,member
4,1236,member
11,1243,member
11,1259,member
4,1268,member
15,1279,member
13,1293,member
2,1298,member
9,1305,member
11,1307,member
2,1314,member
11,1323,member
2,1330,member
9,1337,member
11,1339,member
15,1343,member
